key,files,functions,lines,addLines,deleteLines,pos,time,rf,ibf,isComponent,distance,isInducing
100227@5e5101831428,0.30931061029909585,0.36996104232192484,0.451971801998038,0.46274390963895734,0.2816933974959036,0.3333333333333333,1.0,1.0,0.4999999999999999,1,1.0,false
100227@5fd25b258cce,0.36377750510594475,0.4200343734220062,0.6567926636813213,0.6266817462047318,0.6391122131475926,0.25,0.3333333333333333,1.0,0.0,1,1.0,false
100227@e2a6f72504c9,0.21619883862193562,0.2843601174107559,0.4849442496714441,0.4716419567419369,0.42521368857805897,0.25,0.25,1.0,0.2027333038103732,1,0.5,false
100227@64183c382661,0.2406904381611693,0.3068761058335884,0.38319374719360966,0.3930482458996386,0.19154912310262534,0.5,0.5,1.0,1.0,1,1.0,false
