key,files,functions,lines,addLines,deleteLines,pos,time,rf,ibf,isComponent,distance,isInducing
116949@cb46b4aa17ef,0.37244708670864074,0.4280046245558451,0.6792514291353741,0.6463727655813264,0.6662348153547005,0.16666666666666666,0.5,1.0,0.15677724917793953,1,0.3333333333333333,false
116949@c3587474e9f3,0.4696924734913139,0.5174057271447146,0.6882102276052761,0.6747272128120095,0.6535066766354789,0.2,0.3333333333333333,1.0,0.22092972707340322,1,1.0,false
116949@170a9cbbfe40,0.09311177167716018,0.17120184982233802,0.3405958639755002,0.3330273047077606,0.24691923710362948,1.0,0.25,1.0,1.0,1,1.0,false
116949@d5c2eadfa5e8,0.14757866648400914,0.22127518092241938,0.5473993318949233,0.5109941051140808,0.5256758585335185,0.09090909090909091,1.0,1.0,0.0,1,1.0,false
116949@65ed8e4b7254,0.2406904381611693,0.3068761058335884,0.5026788563604883,0.47414521704646495,0.4683996931076459,0.5,0.16666666666666666,1.0,0.33992201236833947,1,1.0,false
116949@6f3a860305c3,0.36377750510594475,0.4200343734220062,0.4860601102418056,0.4541887019187317,0.4540167925044702,0.16666666666666666,0.2,1.0,0.19773055880872709,1,1.0,false
