key,files,functions,lines,addLines,deleteLines,pos,time,rf,ibf,isComponent,distance,isInducing
117296@bf949d326023,0.33380220983832953,0.3924770307447574,0.4065098822625451,0.4220528055845857,0.05537011400100411,0.5,0.5,1.0,0.0,1,1.0,false
117296@7389d9fc0252,0.26139779051937945,0.3259131027932227,0.3335497408292103,0.34165550872284633,0.14312966835325108,1.0,1.0,1.0,1.0,1,1.0,false
