key,files,functions,lines,addLines,deleteLines,pos,time,rf,ibf,isComponent,distance,isInducing
117882@6e337a8e2754,0.26139779051937945,0.3259131027932227,0.3550936155573427,0.35125931343796185,0.25047014119748195,0.25,0.3333333333333333,1.0,1.0,1,0.5,false
117882@f5030e64039e,0.30931061029909585,0.36996104232192484,0.3623708569631003,0.3689909403480723,0.19849978235425522,0.25,0.5,1.0,1.0,1,1.0,false
117882@d5c2eadfa5e8,0.14757866648400914,0.22127518092241938,0.5473993318949233,0.5109941051140808,0.5256758585335185,0.1111111111111111,0.2,1.0,0.0,1,1.0,false
117882@5fd25b258cce,0.36377750510594475,0.4200343734220062,0.6567926636813213,0.6266817462047318,0.6391122131475926,0.3333333333333333,0.25,1.0,0.6338943345985635,1,1.0,false
117882@9a73bdb1c732,0.2406904381611693,0.3068761058335884,0.44007834927114825,0.4175138443053745,0.3912501640169097,0.2,0.16666666666666666,1.0,0.7067780310073716,1,1.0,false
117882@75c1c3ea4d4c,0.47759662914131507,0.5246722952928096,0.5472349644662342,0.5622424267376026,0.37475513764270746,0.5,1.0,1.0,1.0,1,1.0,false
