key,files,functions,lines,addLines,deleteLines,pos,time,rf,ibf,isComponent,distance,isInducing
128655@d5c2eadfa5e8,0.14757866648400914,0.22127518092241938,0.5473993318949233,0.5109941051140808,0.5256758585335185,0.1,0.25,1.0,0.0,1,1.0,false
128655@f5030e64039e,0.30931061029909585,0.36996104232192484,0.3623708569631003,0.3689909403480723,0.19849978235425522,0.16666666666666666,0.5,1.0,1.0,1,1.0,false
128655@5fd25b258cce,0.36377750510594475,0.4200343734220062,0.6567926636813213,0.6266817462047318,0.6391122131475926,0.3333333333333333,0.3333333333333333,1.0,0.6338943345985635,1,1.0,false
128655@e3ad8bbd021d,0.9194770085589539,0.9483570634392068,0.9371387646270999,0.5403537602196209,0.9887049113518481,0.09090909090909091,1.0,1.0,0.0,1,1.0,false
