key,files,functions,lines,addLines,deleteLines,pos,time,rf,ibf,isComponent,distance,isInducing
132926@3c1c536e93ee,0.26139779051937945,0.3259131027932227,0.42486424028243186,0.4088799969896897,0.36292833194710145,0.07142857142857142,0.14285714285714285,1.0,0.0,1,0.08333333333333333,false
132926@d5c2eadfa5e8,0.14757866648400914,0.22127518092241938,0.5473993318949233,0.5109941051140808,0.5256758585335185,0.07142857142857142,0.3333333333333333,1.0,0.0,1,1.0,false
132926@6f3a860305c3,0.36377750510594475,0.4200343734220062,0.4860601102418056,0.4541887019187317,0.4540167925044702,0.125,0.2,1.0,0.19773055880872709,1,1.0,false
132926@fcfdaf918a39,0.14757866648400914,0.22127518092241938,0.3226472322028915,0.2796405761003415,0.2884480267377895,0.2,0.16666666666666666,1.0,0.4752851159168997,1,1.0,false
132926@9d1f31f65bbf,0.18622354335432037,0.17120184982233802,0.18808549456290483,0.18860286079352642,0.05537011400100411,0.1,0.5,1.0,0.824109737095814,1,1.0,false
132926@cb46b4aa17ef,0.37244708670864074,0.4280046245558451,0.6792514291353741,0.6463727655813264,0.6662348153547005,0.14285714285714285,0.25,1.0,0.15677724917793953,1,1.0,false
132926@047173e8683e,0.32211380700730474,0.38173147113346423,0.3934803286042327,0.40667667358687637,0.14312966835325108,0.16666666666666666,1.0,1.0,1.0,1,1.0,false
