key,files,functions,lines,addLines,deleteLines,pos,time,rf,ibf,isComponent,distance,isInducing
138143@b647286b2267,0.21619883862193562,0.2843601174107559,0.39989187774158214,0.3869737299151815,0.3283856024908686,0.5,0.16666666666666666,1.0,1.0,1,1.0,false
138143@d5c2eadfa5e8,0.14757866648400914,0.22127518092241938,0.5473993318949233,0.5109941051140808,0.5256758585335185,0.1,0.2,1.0,0.013117246229326307,1,1.0,false
138143@b2cd5fa175fa,0.27933531503148057,0.34240369964467604,0.3604545224253904,0.3660502800170278,0.20489376904731582,0.1111111111111111,0.14285714285714285,1.0,0.37163715298554556,1,1.0,false
138143@9052d5d86cfc,0.26139779051937945,0.3259131027932227,0.36725585321338367,0.37042104341964993,0.23088922270549808,0.16666666666666666,0.3333333333333333,1.0,0.4732317041869031,1,1.0,false
138143@5fd25b258cce,0.36377750510594475,0.4200343734220062,0.6567926636813213,0.6266817462047318,0.6391122131475926,0.2,0.25,1.0,0.2695292484094901,1,1.0,false
138143@d842c4f11396,1.0,0.9964930869667594,0.962336948496296,1.0,0.0,0.09090909090909091,0.5,1.0,0.0,1,1.0,false
138143@325ea44eee9a,0.33380220983832953,0.34240369964467604,0.4723337871255758,0.4577699047878,0.4134821706226266,0.3333333333333333,1.0,1.0,1.0,1,1.0,false
