key,files,functions,lines,addLines,deleteLines,pos,time,rf,ibf,isComponent,distance,isInducing
138171@d5c2eadfa5e8,0.14757866648400914,0.22127518092241938,0.5473993318949233,0.5109941051140808,0.5256758585335185,0.25,1.0,1.0,0.0,1,1.0,false
138171@3c1c536e93ee,0.26139779051937945,0.3259131027932227,0.42486424028243186,0.4088799969896897,0.36292833194710145,0.125,0.5,1.0,0.0,1,0.08333333333333333,false
138171@9f791a0f70cb,0.6186212205981917,0.6530799831559649,0.5012826686894221,0.5044410073389141,0.3964428921499411,0.3333333333333333,0.3333333333333333,1.0,1.0,1,1.0,false
