key,files,functions,lines,addLines,deleteLines,pos,time,rf,ibf,isComponent,distance,isInducing
152631@8c37e52c5a50,0.4089764570033886,0.4615873588044731,0.7263332999755255,0.6978080697232641,0.7135879600745503,0.25,0.2,1.0,0.24339919713832855,1,1.0,false
152631@cb46b4aa17ef,0.37244708670864074,0.4280046245558451,0.6792514291353741,0.6463727655813264,0.6662348153547005,0.1111111111111111,0.16666666666666666,1.0,0.13137839700897533,1,1.0,false
152631@d5c2eadfa5e8,0.14757866648400914,0.22127518092241938,0.5473993318949233,0.5109941051140808,0.5256758585335185,0.06666666666666667,0.25,1.0,0.013117246229326307,1,1.0,false
152631@88a602a39d9e,0.14757866648400914,0.22127518092241938,0.2548745650371399,0.2499650635116988,0.14312966835325108,0.5,0.5,1.0,0.7674432176298361,1,1.0,false
152631@d0c77dcb7074,0.09311177167716018,0.17120184982233802,0.19975334005520587,0.20757110112765736,0.0,0.058823529411764705,0.3333333333333333,1.0,0.013117246229326307,1,1.0,false
152631@d842c4f11396,1.0,0.9964930869667594,0.962336948496296,1.0,0.0,0.3333333333333333,1.0,1.0,0.0,1,1.0,false
152631@f4c8433cb046,0.37244708670864074,0.40236198736207207,0.35848840743789734,0.361422268626899,0.22148045600401645,0.125,0.125,1.0,1.0,1,1.0,false
152631@e4e47c617dcb,0.18622354335432037,0.25680277473350704,0.3604545224253904,0.3258720557626925,0.32011454641867293,0.3333333333333333,0.14285714285714285,1.0,0.7674432176298361,1,0.5,false
