key,files,functions,lines,addLines,deleteLines,pos,time,rf,ibf,isComponent,distance,isInducing
158412@5fd25b258cce,0.36377750510594475,0.4200343734220062,0.6567926636813213,0.6266817462047318,0.6391122131475926,0.07692307692307693,0.25,1.0,0.5695502774324677,1,0.2,false
158412@e307d037aa32,0.14757866648400914,0.22127518092241938,0.4122699307000186,0.3466039014197677,0.40079129560183807,0.07692307692307693,0.16666666666666666,1.0,0.785317529864329,1,1.0,false
158412@a562d831df36,0.32211380700730474,0.38173147113346423,0.414202576232548,0.3930482458996386,0.3603373311229253,0.058823529411764705,0.3333333333333333,1.0,0.7029608251592391,1,0.045454545454545456,false
158412@b8a368976643,0.14757866648400914,0.22127518092241938,0.30602328555027114,0.28401133950296364,0.24320311642785655,0.058823529411764705,0.14285714285714285,1.0,0.785317529864329,1,1.0,false
158412@d5c2eadfa5e8,0.14757866648400914,0.22127518092241938,0.5473993318949233,0.5109941051140808,0.5256758585335185,0.05555555555555555,0.2,1.0,0.027718443445931183,1,1.0,false
158412@965ac05c7a89,0.09311177167716018,0.17120184982233802,0.12182024051256925,0.08640970391668631,0.08775955435224699,0.07692307692307693,0.5,1.0,1.0,1,0.14285714285714285,false
158412@d842c4f11396,1.0,0.9964930869667594,0.962336948496296,1.0,0.0,0.05,1.0,1.0,0.0,1,1.0,false
