key,files,functions,lines,addLines,deleteLines,pos,time,rf,ibf,isComponent,distance,isInducing
34925@d842c4f11396,1.0,0.9964930869667594,0.962336948496296,1.0,0.0,1.0,1.0,1.0,0.0,1,1.0,true
34925@900a3e81d5b0,0.37244708670864074,0.4280046245558451,0.47306794585083345,0.46865096890438723,0.39004890545688053,0.5,0.16666666666666666,1.0,1.0,1,1.0,false
34925@6ea830044009,0.26139779051937945,0.3259131027932227,0.2945764363351593,0.28401133950296364,0.20489376904731582,0.0625,0.3333333333333333,1.0,0.22001712852100117,1,1.0,false
34925@f56eb37f77b3,0.4152255786844649,0.46733239604463317,0.6787222862858597,0.6503445460914893,0.6613800685291467,0.058823529411764705,0.125,1.0,0.19892569215777497,1,1.0,false
34925@3951dea95d6a,0.09311177167716018,0.17120184982233802,0.3712859928755263,0.35565450718774927,0.30228935110463356,0.06666666666666667,0.25,1.0,0.013117246229326307,1,1.0,false
34925@a625ea2ed481,0.3545095621965396,0.4115140277043917,0.4356588690812359,0.4514548136775264,0.14312966835325108,0.07142857142857142,0.14285714285714285,1.0,0.5428657229282136,1,1.0,false
34925@2ed4c9f470df,0.36377750510594475,0.40236198736207207,0.5309595137665177,0.5371021190362076,0.41914376800442493,0.06666666666666667,0.5,1.0,0.013117246229326307,1,0.2,false
34925@17f150e10333,0.7103829116524831,0.7386809080671339,0.6637977856561907,0.6352462150031598,0.6452193545911473,0.3333333333333333,0.2,1.0,0.37163715298554556,1,1.0,false
