key,files,functions,lines,addLines,deleteLines,pos,time,rf,ibf,isComponent,distance,isInducing
36803@6ea830044009,0.26139779051937945,0.3259131027932227,0.2945764363351593,0.28401133950296364,0.20489376904731582,0.05,1.0,1.0,0.44967046506230707,1,1.0,false
36803@1da1f7cdaca3,0.09311177167716018,0.17120184982233802,0.6268342282187481,0.594790495486383,0.6082479210947551,0.043478260869565216,0.25,1.0,1.0,1,1.0,false
36803@f56eb37f77b3,0.4152255786844649,0.46733239604463317,0.6787222862858597,0.6503445460914893,0.6613800685291467,0.047619047619047616,0.5,1.0,0.4038309223171172,1,1.0,false
36803@cb46b4aa17ef,0.37244708670864074,0.4280046245558451,0.6792514291353741,0.6463727655813264,0.6662348153547005,0.0625,0.3333333333333333,1.0,0.2570255047072502,1,1.0,false
36803@3c1c536e93ee,0.26139779051937945,0.3259131027932227,0.42486424028243186,0.4088799969896897,0.36292833194710145,0.05263157894736842,0.2,1.0,0.0,1,1.0,false
