key,files,functions,lines,addLines,deleteLines,pos,time,rf,ibf,isComponent,distance,isInducing
74238@5f6b18be7a14,0.27933531503148057,0.3259131027932227,0.4206028239632072,0.42564491392100734,0.28625933670650217,0.125,1.0,1.0,1.0,1,1.0,true
