key,files,functions,lines,addLines,deleteLines,pos,time,rf,ibf,isComponent,distance,isInducing
54711@4072ba68c98b,0.14757866648400914,0.22127518092241938,0.3215735805677752,0.32711071919002493,0.15544356207560955,0.2,0.25,1.0,0.5311301051929885,0,1.0,false
54711@e38222ad3f40,0.18622354335432037,0.25680277473350704,0.38738694568684023,0.39769143989806977,0.19154912310262534,0.5,0.2,1.0,0.4132714113122952,1,0.5,false
54711@eab872bc6cfa,0.32211380700730474,0.38173147113346423,0.3604545224253904,0.2796405761003415,0.3529866600745757,0.3333333333333333,0.16666666666666666,1.0,0.0,1,1.0,false
54711@ac53f551f787,0.09311177167716018,0.17120184982233802,0.30602328555027114,0.2620895543259949,0.27169509166929867,0.2,0.125,1.0,0.029872704669421143,1,1.0,false
54711@80ef59a12b85,0.09311177167716018,0.17120184982233802,0.1941440208500857,0.17281940783337263,0.12856542331604753,0.25,0.3333333333333333,1.0,1.0,1,1.0,false
54711@bc714fd2e3fc,0.26139779051937945,0.3259131027932227,0.4740839499803705,0.47945794981632495,0.35201837926301555,0.2,0.14285714285714285,1.0,0.0,1,1.0,false
54711@e5bd659f8c44,0.09311177167716018,0.17120184982233802,0.2897943512783864,0.24312131399186393,0.25713084663209507,1.0,0.5,1.0,0.5311301051929885,1,1.0,false
54711@e601c8229228,0.14757866648400914,0.22127518092241938,0.21444923617734213,0.17281940783337263,0.17551910870449397,0.5,1.0,1.0,0.5311301051929885,1,1.0,false
