key,files,functions,lines,addLines,deleteLines,pos,time,rf,ibf,isComponent,distance,isInducing
54906@8089ef659248,0.14757866648400914,0.22127518092241938,0.4237511147631526,0.43945667389773735,0.11074022800200822,0.1875,0.16666666666666666,1.0,0.0,1,0.5,false
54906@9af344b2b39a,0.4955341536534162,0.5411628921442628,0.5007777223793446,0.4623045034566564,0.47679342469238145,0.26666666666666666,0.2,1.0,0.0,1,1.0,false
54906@949cfa32cac3,0.18622354335432037,0.25680277473350704,0.37721502183228867,0.3363747674283851,0.34489040098434204,0.1875,0.5,1.0,0.0,1,1.0,false
54906@cee23a8da7ce,0.39553205673288594,0.4492274490175423,0.47393963883814877,0.41790225745059545,0.4612838172740957,0.5,1.0,0.0,1.0,1,1.0,false
54906@ed0588b983b9,0.18622354335432037,0.25680277473350704,0.27729927163773804,0.26484960952127556,0.19154912310262534,0.1875,0.25,1.0,0.04788370689475031,1,0.02631578947368421,false
54906@1d894a15160c,0.09311177167716018,0.17120184982233802,0.21444923617734213,0.1954466103133613,0.14312966835325108,0.1875,0.3333333333333333,1.0,0.47847322897948313,1,0.027777777777777776,false
