key,files,functions,lines,addLines,deleteLines,pos,time,rf,ibf,isComponent,distance,isInducing
55442@eae54419c6e1,0.9291354099008015,0.9416101740228592,1.0,0.9846187637856195,1.0,1.0,0.16666666666666666,1.0,0.0,1,1.0,true
55442@6e4cb72d7ae5,0.27933531503148057,0.34240369964467604,0.4025347307402469,0.40974432988624127,0.24691923710362948,1.0,0.3333333333333333,1.0,1.0,1,0.2,true
55442@5a0c47ea1bc2,0.5255094489210315,0.5687202348215118,0.3807597377526468,0.3956615594440228,0.0,0.5,0.2,1.0,1.0,1,0.2,false
55442@1e84698dc4db,0.14757866648400914,0.22127518092241938,0.27729927163773804,0.2796405761003415,0.12856542331604753,1.0,0.5,1.0,1.0,1,0.043478260869565216,false
55442@ab70f07bbd97,0.14757866648400914,0.22127518092241938,0.3033197420462832,0.31519078896454805,0.0,1.0,1.0,1.0,1.0,1,1.0,false
55442@ff9cff987f5f,0.14757866648400914,0.22127518092241938,0.40790515073231476,0.42386936443590656,0.0,0.3333333333333333,0.25,1.0,1.0,1,1.0,false
