key,files,functions,lines,addLines,deleteLines,pos,time,rf,ibf,isComponent,distance,isInducing
56736@ed82d448c720,0.38826910464517844,0.44255036184483876,0.4831750933461325,0.49771438889369146,0.2793086774548723,1.0,1.0,1.0,1.0,1,1.0,false
