key,files,functions,lines,addLines,deleteLines,pos,time,rf,ibf,isComponent,distance,isInducing
57265@bc714fd2e3fc,0.26139779051937945,0.3259131027932227,0.4740839499803705,0.47945794981632495,0.35201837926301555,0.2,0.5,1.0,0.0,1,1.0,false
57265@8d339d077f3b,0.33380220983832953,0.3924770307447574,0.5491307279558038,0.5387864125625089,0.49183295827339196,1.0,0.3333333333333333,1.0,1.0,1,1.0,false
57265@99d9f5f01d00,0.21619883862193562,0.2843601174107559,0.3802634004254975,0.39462663001151865,0.05537011400100411,0.25,1.0,1.0,1.0,1,1.0,false
