key,files,functions,lines,addLines,deleteLines,pos,time,rf,ibf,isComponent,distance,isInducing
57592@8e5d0a0560de,0.30931061029909585,0.36996104232192484,0.4943297763903652,0.46680021287771634,0.4579918508101559,1.0,0.3333333333333333,1.0,0.7092203481386782,1,0.5,false
57592@da628f708b5b,0.26139779051937945,0.3259131027932227,0.40216278320471954,0.3828486309561034,0.3438181407387937,0.2857142857142857,0.2,1.0,0.02622913923756988,1,1.0,false
57592@6f4a955e5f94,0.09311177167716018,0.17120184982233802,0.2945764363351593,0.2531758563420432,0.25713084663209507,1.0,0.25,1.0,0.7092203481386782,1,1.0,false
57592@68eaab30dfc7,0.5307780414949688,0.5735638371844101,0.5288913203128899,0.49514471745137684,0.5028796277938741,1.0,0.5,1.0,0.0,1,0.5,false
57592@b0e29dccfd3b,0.14757866648400914,0.22127518092241938,0.41577625393826173,0.37785307916789246,0.3837557164918728,0.2,1.0,0.0,1.0,1,1.0,false
