key,files,functions,lines,addLines,deleteLines,pos,time,rf,ibf,isComponent,distance,isInducing
57761@aafdd78f7168,0.18622354335432037,0.25680277473350704,0.3454808602257835,0.35125931343796185,0.18393553731705167,0.3333333333333333,1.0,0.0,1.0,1,1.0,false
57761@76a2c1b1a664,0.14757866648400914,0.22127518092241938,0.4577326827142218,0.4216844044330132,0.42751814229177726,1.0,0.25,1.0,0.0,1,1.0,false
57761@3e5b42a25831,0.30931061029909585,0.36996104232192484,0.2599225132796756,0.21807381279334997,0.22148045600401645,1.0,0.3333333333333333,1.0,0.0,1,1.0,false
57761@40254a217661,0.2406904381611693,0.3068761058335884,0.43894011472156175,0.43706398743228353,0.34162945070750633,0.5,0.5,1.0,0.0,1,1.0,false
