key,files,functions,lines,addLines,deleteLines,pos,time,rf,ibf,isComponent,distance,isInducing
112243@cb46b4aa17ef,0.37244708670864074,0.4280046245558451,0.6792514291353741,0.6463727655813264,0.6662348153547005,0.5,0.14285714285714285,1.0,0.15677724917793953,1,1.0,false
112243@bddbc72c4d68,0.09311177167716018,0.17120184982233802,0.3500696088526207,0.31936806271961304,0.30408453202054153,0.125,1.0,1.0,0.2742844474883144,1,1.0,false
112243@f56eb37f77b3,0.4152255786844649,0.46733239604463317,0.6787222862858597,0.6503445460914893,0.6613800685291467,0.1111111111111111,0.2,1.0,0.24632380823832667,1,1.0,false
112243@6f3a860305c3,0.36377750510594475,0.4200343734220062,0.4860601102418056,0.4541887019187317,0.4540167925044702,1.0,0.125,1.0,0.19773055880872709,1,1.0,false
112243@bf5c6b8b011f,0.09311177167716018,0.17120184982233802,0.21877562346293092,0.20757110112765736,0.12856542331604753,0.25,0.25,1.0,1.0,1,1.0,false
112243@3951dea95d6a,0.09311177167716018,0.17120184982233802,0.3712859928755263,0.35565450718774927,0.30228935110463356,0.16666666666666666,0.3333333333333333,1.0,0.0,1,0.07692307692307693,false
112243@f5035234ee87,0.37244708670864074,0.4280046245558451,0.49924235186163757,0.5166023295760636,0.24320311642785655,0.14285714285714285,0.5,1.0,0.33992201236833947,1,1.0,false
112243@d5c2eadfa5e8,0.14757866648400914,0.22127518092241938,0.5473993318949233,0.5109941051140808,0.5256758585335185,0.2,0.16666666666666666,1.0,0.0,1,1.0,false
