key,files,functions,lines,addLines,deleteLines,pos,time,rf,ibf,isComponent,distance,isInducing
115251@d842c4f11396,1.0,0.9964930869667594,0.962336948496296,1.0,0.0,0.3333333333333333,1.0,1.0,0.0,1,1.0,true
115251@1361ef2f8e34,0.27933531503148057,0.34240369964467604,0.691346751320773,0.6580991792126767,0.6797465114672621,0.3333333333333333,0.25,1.0,0.6166341604378589,1,0.5,false
115251@31a415662a0f,0.43239767724387124,0.4831193099103427,0.6329605292924182,0.5996261375917533,0.6161583141549893,0.25,0.16666666666666666,1.0,0.7073692365212303,1,1.0,false
115251@047173e8683e,0.32211380700730474,0.38173147113346423,0.3934803286042327,0.40667667358687637,0.14312966835325108,0.08333333333333333,0.5,1.0,1.0,1,1.0,false
115251@7e005f179e51,0.09311177167716018,0.17120184982233802,0.39989187774158214,0.41473988167445225,0.08775955435224699,0.125,0.3333333333333333,1.0,0.7073692365212303,1,1.0,false
115251@d5c2eadfa5e8,0.14757866648400914,0.22127518092241938,0.5473993318949233,0.5109941051140808,0.5256758585335185,0.058823529411764705,0.2,1.0,0.01709213910292605,1,1.0,false
