key,files,functions,lines,addLines,deleteLines,pos,time,rf,ibf,isComponent,distance,isInducing
116626@a87f82dcb4a8,0.3545095621965396,0.4115140277043917,0.33626947668991136,0.3484992582426812,0.05537011400100411,0.3333333333333333,1.0,1.0,1.0,1,1.0,false
116626@acf2739fa685,0.26139779051937945,0.3259131027932227,0.4096138276057108,0.4057777666362994,0.31408283784714647,0.5,0.5,1.0,1.0,1,1.0,false
116626@7ba6c461a1d3,0.3545095621965396,0.4115140277043917,0.516462517808049,0.4855898980793954,0.4862248884216852,0.5,0.3333333333333333,1.0,1.0,1,0.5,false
