key,files,functions,lines,addLines,deleteLines,pos,time,rf,ibf,isComponent,distance,isInducing
121395@a4d58bfa0534,0.21619883862193562,0.2843601174107559,0.4382488663449951,0.43333268691834864,0.35103821740898794,0.25,0.5,1.0,1.0,1,1.0,false
121395@ac764de72cd4,0.32211380700730474,0.38173147113346423,0.5515522097539658,0.5384524269138911,0.4998761842204232,0.16666666666666666,1.0,1.0,0.0,1,0.05263157894736842,false
121395@fd8aebb98542,0.2406904381611693,0.3068761058335884,0.33715476363760205,0.29940733600439423,0.2985732304288607,0.2,0.25,1.0,0.0,1,1.0,false
121395@d5c2eadfa5e8,0.14757866648400914,0.22127518092241938,0.5473993318949233,0.5109941051140808,0.5256758585335185,0.2,0.3333333333333333,1.0,0.0,1,1.0,false
