key,files,functions,lines,addLines,deleteLines,pos,time,rf,ibf,isComponent,distance,isInducing
123695@0cb91f239c99,0.32211380700730474,0.38173147113346423,0.45481410732934147,0.4205687332153653,0.4224383458081234,0.14285714285714285,0.2,1.0,0.5362439665651964,1,0.08333333333333333,false
123695@5a88b84f70a0,0.26139779051937945,0.3259131027932227,0.5088437224941955,0.47065754461691073,0.48531193918321963,0.14285714285714285,0.25,1.0,0.33992201236833947,1,1.0,false
123695@d5c2eadfa5e8,0.14757866648400914,0.22127518092241938,0.5473993318949233,0.5109941051140808,0.5256758585335185,0.05263157894736842,1.0,1.0,0.0,1,1.0,false
123695@8c37e52c5a50,0.4089764570033886,0.4615873588044731,0.7263332999755255,0.6978080697232641,0.7135879600745503,0.14285714285714285,0.5,1.0,0.3052817477322863,1,1.0,false
123695@cb46b4aa17ef,0.37244708670864074,0.4280046245558451,0.6792514291353741,0.6463727655813264,0.6662348153547005,0.07692307692307693,0.3333333333333333,1.0,0.15677724917793953,1,1.0,false
123695@4def7d519e25,0.26139779051937945,0.3259131027932227,0.39989187774158214,0.37785307916789246,0.3459484586893815,0.125,0.16666666666666666,1.0,1.0,1,1.0,false
