key,files,functions,lines,addLines,deleteLines,pos,time,rf,ibf,isComponent,distance,isInducing
131933@73c305bb7af6,0.09311177167716018,0.17120184982233802,0.16631050157530472,0.17281940783337263,0.0,0.25,0.16666666666666666,1.0,1.0,1,1.0,false
131933@820ea406da92,0.26139779051937945,0.3259131027932227,0.5069997538059176,0.4750871864137028,0.47699746615423144,0.07142857142857142,0.2,1.0,0.01709213910292605,1,1.0,false
131933@8bc24339ac5a,0.09311177167716018,0.17120184982233802,0.1941440208500857,0.20174224958674433,0.0,0.2,1.0,1.0,1.0,1,1.0,false
131933@83a5cf335b71,0.3545095621965396,0.4115140277043917,0.4531215634144962,0.41673121593705564,0.4228407758223766,0.125,0.5,1.0,1.0,1,1.0,false
131933@d842c4f11396,1.0,0.9964930869667594,0.962336948496296,1.0,0.0,0.06666666666666667,0.3333333333333333,1.0,0.0,1,1.0,false
131933@f56eb37f77b3,0.4152255786844649,0.46733239604463317,0.6787222862858597,0.6503445460914893,0.6613800685291467,0.2,0.25,1.0,0.25920574654648076,1,0.3333333333333333,false
