key,files,functions,lines,addLines,deleteLines,pos,time,rf,ibf,isComponent,distance,isInducing
132591@d5c2eadfa5e8,0.14757866648400914,0.22127518092241938,0.5473993318949233,0.5109941051140808,0.5256758585335185,0.3333333333333333,0.5,1.0,0.0,1,1.0,false
132591@17f57d3764cf,0.18622354335432037,0.25680277473350704,0.44007834927114825,0.43583978369835813,0.35103821740898794,0.3333333333333333,1.0,1.0,1.0,1,0.2,false
