key,files,functions,lines,addLines,deleteLines,pos,time,rf,ibf,isComponent,distance,isInducing
135001@0d44dd26589e,0.14757866648400914,0.22127518092241938,0.4482112057395605,0.4213142696225788,0.406408331409992,0.5,0.25,1.0,0.37043822441427254,1,1.0,false
135001@b2cd5fa175fa,0.27933531503148057,0.34240369964467604,0.3604545224253904,0.3660502800170278,0.20489376904731582,0.06666666666666667,0.2,1.0,0.5767255190938744,1,1.0,false
135001@d5c2eadfa5e8,0.14757866648400914,0.22127518092241938,0.5473993318949233,0.5109941051140808,0.5256758585335185,0.058823529411764705,0.5,1.0,0.0,1,1.0,false
135001@34cff6034e44,0.18622354335432037,0.25680277473350704,0.24946575236295704,0.23159043733160428,0.17551910870449397,1.0,0.14285714285714285,1.0,1.0,1,1.0,false
135001@9d1f31f65bbf,0.18622354335432037,0.17120184982233802,0.18808549456290483,0.18860286079352642,0.05537011400100411,0.07692307692307693,1.0,1.0,1.0,1,1.0,false
135001@c3587474e9f3,0.4696924734913139,0.5174057271447146,0.6882102276052761,0.6747272128120095,0.6535066766354789,0.09090909090909091,0.3333333333333333,1.0,0.26808289858577067,1,1.0,false
135001@3c1c536e93ee,0.26139779051937945,0.3259131027932227,0.42486424028243186,0.4088799969896897,0.36292833194710145,0.058823529411764705,0.16666666666666666,1.0,0.0,1,0.08333333333333333,false
