key,files,functions,lines,addLines,deleteLines,pos,time,rf,ibf,isComponent,distance,isInducing
145086@cb5dfe759852,0.18622354335432037,0.17120184982233802,0.30602328555027114,0.29940733600439423,0.20489376904731582,1.0,0.5,1.0,1.0,1,1.0,true
145086@c3300283ecc3,0.6442276140146095,0.6747615357699714,0.7367736220463532,0.7656087851532689,0.0,0.3333333333333333,1.0,1.0,0.0,1,1.0,false
