key,files,functions,lines,addLines,deleteLines,pos,time,rf,ibf,isComponent,distance,isInducing
148536@3c1c536e93ee,0.26139779051937945,0.3259131027932227,0.42486424028243186,0.4088799969896897,0.36292833194710145,0.1111111111111111,0.16666666666666666,1.0,0.0,1,0.125,false
148536@16adee6b2928,0.09311177167716018,0.17120184982233802,0.4256884717065432,0.39197811371755775,0.39004890545688053,0.5,0.25,1.0,1.0,1,1.0,false
148536@e2a6f72504c9,0.21619883862193562,0.2843601174107559,0.4849442496714441,0.4716419567419369,0.42521368857805897,0.25,0.3333333333333333,1.0,1.0,1,1.0,false
148536@d5c2eadfa5e8,0.14757866648400914,0.22127518092241938,0.5473993318949233,0.5109941051140808,0.5256758585335185,0.1111111111111111,0.5,1.0,0.0,1,1.0,false
148536@b2cd5fa175fa,0.27933531503148057,0.34240369964467604,0.3604545224253904,0.3660502800170278,0.20489376904731582,0.14285714285714285,0.2,1.0,0.886322542631563,1,1.0,false
148536@5fd25b258cce,0.36377750510594475,0.4200343734220062,0.6567926636813213,0.6266817462047318,0.6391122131475926,0.3333333333333333,1.0,1.0,0.6338943345985635,1,1.0,false
