key,files,functions,lines,addLines,deleteLines,pos,time,rf,ibf,isComponent,distance,isInducing
153490@d842c4f11396,1.0,0.9964930869667594,0.962336948496296,1.0,0.0,0.030303030303030304,1.0,1.0,0.0,1,1.0,false
153490@a562d831df36,0.32211380700730474,0.38173147113346423,0.414202576232548,0.3930482458996386,0.3603373311229253,0.03225806451612903,0.5,1.0,0.8951294201731141,1,0.045454545454545456,false
153490@b8a368976643,0.14757866648400914,0.22127518092241938,0.30602328555027114,0.28401133950296364,0.24320311642785655,0.03225806451612903,0.2,1.0,1.0,1,1.0,false
153490@d5c2eadfa5e8,0.14757866648400914,0.22127518092241938,0.5473993318949233,0.5109941051140808,0.5256758585335185,0.03125,0.3333333333333333,1.0,0.03529584198982519,1,1.0,false
153490@9a73bdb1c732,0.2406904381611693,0.3068761058335884,0.44007834927114825,0.4175138443053745,0.3912501640169097,0.1111111111111111,0.25,1.0,0.8045775340459049,1,1.0,false
