key,files,functions,lines,addLines,deleteLines,pos,time,rf,ibf,isComponent,distance,isInducing
44117@68f63508828d,0.30931061029909585,0.36996104232192484,0.36725585321338367,0.3652976091817568,0.25713084663209507,0.1111111111111111,1.0,1.0,1.0,1,1.0,false
44117@5a88b84f70a0,0.26139779051937945,0.3259131027932227,0.5088437224941955,0.47065754461691073,0.48531193918321963,0.3333333333333333,0.25,1.0,0.25982012675818567,1,1.0,false
44117@d5c2eadfa5e8,0.14757866648400914,0.22127518092241938,0.5473993318949233,0.5109941051140808,0.5256758585335185,0.1,0.5,1.0,0.0,1,1.0,false
44117@c236b590dc97,0.09311177167716018,0.17120184982233802,0.491519833408015,0.4273812648335933,0.4849438178456595,0.14285714285714285,0.3333333333333333,1.0,0.11983303014243361,1,1.0,false
44117@0bbb4f252a1e,0.09311177167716018,0.17120184982233802,0.3470415582227856,0.2976397671902014,0.32011454641867293,0.25,0.2,1.0,0.4098792378744419,1,1.0,false
