key,files,functions,lines,addLines,deleteLines,pos,time,rf,ibf,isComponent,distance,isInducing
57666@f56eb37f77b3,0.4152255786844649,0.46733239604463317,0.6787222862858597,0.6503445460914893,0.6613800685291467,0.1,0.2,1.0,0.581476175619937,1,1.0,false
57666@3951dea95d6a,0.09311177167716018,0.17120184982233802,0.3712859928755263,0.35565450718774927,0.30228935110463356,0.14285714285714285,0.3333333333333333,1.0,0.0,1,1.0,false
57666@3c1c536e93ee,0.26139779051937945,0.3259131027932227,0.42486424028243186,0.4088799969896897,0.36292833194710145,0.16666666666666666,0.1111111111111111,1.0,0.0,1,0.5,false
57666@6ea830044009,0.26139779051937945,0.3259131027932227,0.2945764363351593,0.28401133950296364,0.20489376904731582,0.1111111111111111,0.5,1.0,0.6474805366894157,1,1.0,false
57666@820ea406da92,0.26139779051937945,0.3259131027932227,0.5069997538059176,0.4750871864137028,0.47699746615423144,0.3333333333333333,0.125,1.0,0.0,1,1.0,false
57666@fd8aebb98542,0.2406904381611693,0.3068761058335884,0.33715476363760205,0.29940733600439423,0.2985732304288607,0.16666666666666666,0.14285714285714285,1.0,0.0,1,1.0,false
57666@19ed0a21b822,0.6044679432671141,0.6084962682538766,0.6230827758939415,0.5975223523871422,0.5973273945452277,0.125,1.0,1.0,0.802425689885955,1,1.0,false
57666@c24aaf00c7ef,0.18622354335432037,0.25680277473350704,0.37721502183228867,0.38979315371466433,0.12856542331604753,0.08333333333333333,0.25,1.0,1.0,1,1.0,false
57666@d5c2eadfa5e8,0.14757866648400914,0.22127518092241938,0.5473993318949233,0.5109941051140808,0.5256758585335185,0.25,0.16666666666666666,1.0,0.0,1,1.0,false
