key,files,functions,lines,addLines,deleteLines,pos,time,rf,ibf,isComponent,distance,isInducing
82218@ab6c7a562a88,0.3545095621965396,0.4115140277043917,0.41670499161686264,0.414335492598223,0.31715560855784763,0.125,1.0,1.0,1.0,1,1.0,false
82218@f4c8bf91bced,0.2406904381611693,0.3068761058335884,0.512575733288362,0.357346045544532,0.5319589747176185,0.16666666666666666,0.5,1.0,1.0,1,1.0,false
82218@5bdbd842fe24,0.09311177167716018,0.17120184982233802,0.5567570897676077,0.5188886130942226,0.5372104076461186,0.3333333333333333,0.3333333333333333,1.0,1.0,1,1.0,false
82218@5a72675b995e,0.14757866648400914,0.22127518092241938,0.31115685729873277,0.3233346259695549,0.0,0.1111111111111111,0.25,1.0,0.0,1,1.0,false
