key,files,functions,lines,addLines,deleteLines,pos,time,rf,ibf,isComponent,distance,isInducing
54475@eae54419c6e1,0.9291354099008015,0.9416101740228592,1.0,0.9846187637856195,1.0,1.0,0.5,1.0,0.0,1,1.0,true
54475@c85d86a4c50e,0.14757866648400914,0.22127518092241938,0.12182024051256925,0.08640970391668631,0.08775955435224699,0.16666666666666666,1.0,1.0,1.0,1,1.0,false
