key,files,functions,lines,addLines,deleteLines,pos,time,rf,ibf,isComponent,distance,isInducing
54497@eae54419c6e1,0.9291354099008015,0.9416101740228592,1.0,0.9846187637856195,1.0,0.5,0.1111111111111111,0.5714285714285714,0.0,1,1.0,true
54497@e8d213fe4328,0.09311177167716018,0.17120184982233802,0.2691084586801489,0.2273378610317101,0.23088922270549808,0.5,0.2,0.0,1.0,1,1.0,false
54497@d6f68b124d91,0.37244708670864074,0.4280046245558451,0.5211722910060427,0.4834303209674743,0.498331026009037,0.5,0.5,0.14285714285714285,0.3951257628749048,1,1.0,false
54497@949cfa32cac3,0.18622354335432037,0.25680277473350704,0.37721502183228867,0.3363747674283851,0.34489040098434204,0.25,1.0,1.0,0.27223948804960046,1,1.0,false
54497@1211dbe4baff,0.21619883862193562,0.2843601174107559,0.35439599613820955,0.361422268626899,0.18393553731705167,0.5,0.25,0.0,0.7582758826860929,1,1.0,false
54497@40af416974bc,0.6685340558522376,0.7002077837945573,0.6082241788590105,0.5775352981396051,0.5865572741262034,0.3333333333333333,0.3333333333333333,0.0,0.7582758826860929,1,1.0,false
54497@a041e4e477c9,0.14757866648400914,0.22127518092241938,0.30602328555027114,0.3076943095403807,0.16611034200301233,0.5,0.125,0.0,1.0,1,0.5,false
54497@9af344b2b39a,0.4955341536534162,0.5411628921442628,0.5007777223793446,0.4623045034566564,0.47679342469238145,1.0,0.14285714285714285,1.0,0.27223948804960046,1,1.0,false
54497@b78bb6371feb,0.09311177167716018,0.17120184982233802,0.2914221811389171,0.26484960952127556,0.23520823068737326,0.3333333333333333,0.16666666666666666,0.0,1.0,1,0.5,false
