key,files,functions,lines,addLines,deleteLines,pos,time,rf,ibf,isComponent,distance,isInducing
54721@a8f8d0456699,0.26139779051937945,0.3259131027932227,0.27921560617544794,0.21299763208770792,0.26026388304831993,0.058823529411764705,0.16666666666666666,1.0,1.0,0,1.0,false
54721@04937754d09c,0.21619883862193562,0.2843601174107559,0.2864297453089664,0.29208544822143023,0.11074022800200822,0.16666666666666666,0.2,1.0,0.7013880127470121,1,0.07692307692307693,false
54721@ac53f551f787,0.09311177167716018,0.17120184982233802,0.30602328555027114,0.2620895543259949,0.27169509166929867,0.045454545454545456,0.1111111111111111,1.0,0.029872704669421143,1,1.0,false
54721@bc714fd2e3fc,0.26139779051937945,0.3259131027932227,0.4740839499803705,0.47945794981632495,0.35201837926301555,0.045454545454545456,0.125,1.0,0.0,1,1.0,false
54721@51c7fcb0f886,0.14757866648400914,0.22127518092241938,0.28290859084285824,0.27501256471021274,0.18393553731705167,0.125,1.0,1.0,0.5311301051929885,1,1.0,false
54721@de5e1db4f275,0.46555885838580097,0.5136055494670141,0.5107327267657963,0.49323520158214856,0.46177844541099616,0.1111111111111111,0.25,1.0,0.4132714113122952,1,1.0,false
54721@a1259ab53315,0.36377750510594475,0.4200343734220062,0.4429600596000447,0.44431160691300187,0.33345919236336335,0.07142857142857142,0.3333333333333333,1.0,0.5311301051929885,1,1.0,false
54721@da628f708b5b,0.26139779051937945,0.3259131027932227,0.40216278320471954,0.3828486309561034,0.3438181407387937,0.05,0.14285714285714285,1.0,0.0,1,1.0,false
54721@22b8c22f4308,0.21619883862193562,0.2843601174107559,0.23732922939076015,0.2356248345676966,0.11074022800200822,0.16666666666666666,0.5,1.0,0.7013880127470121,1,1.0,false
