key,files,functions,lines,addLines,deleteLines,pos,time,rf,ibf,isComponent,distance,isInducing
54906@949cfa32cac3,0.18622354335432037,0.25680277473350704,0.37721502183228867,0.3363747674283851,0.34489040098434204,0.1875,0.5,1.0,0.0,1,1.0,false
54906@cee23a8da7ce,0.39553205673288594,0.4492274490175423,0.47393963883814877,0.41790225745059545,0.4612838172740957,0.5,1.0,0.0,1.0,1,1.0,false
54906@9af344b2b39a,0.4955341536534162,0.5411628921442628,0.5007777223793446,0.4623045034566564,0.47679342469238145,1.0,0.3333333333333333,1.0,0.0,1,1.0,false
