key,files,functions,lines,addLines,deleteLines,pos,time,rf,ibf,isComponent,distance,isInducing
55438@eae54419c6e1,0.9291354099008015,0.9416101740228592,1.0,0.9846187637856195,1.0,1.0,0.14285714285714285,1.0,0.0,1,1.0,true
55438@dbde2b2a825d,0.14757866648400914,0.22127518092241938,0.4523569996292084,0.4568307473363363,0.32968452849047936,0.5,0.5,0.0,0.7582758826860929,1,1.0,false
55438@37d4b06a8ada,0.14757866648400914,0.22127518092241938,0.19975334005520587,0.1811063813693591,0.12856542331604753,0.2,0.3333333333333333,1.0,0.19050765664971325,1,1.0,false
55438@7ad4dbda702c,0.26139779051937945,0.3259131027932227,0.31825810875857896,0.28815195350343065,0.26898696151492507,0.2,0.25,1.0,0.7582758826860929,1,1.0,false
55438@ac53f551f787,0.09311177167716018,0.17120184982233802,0.30602328555027114,0.2620895543259949,0.27169509166929867,0.125,0.16666666666666666,1.0,0.21468938235477403,1,1.0,false
55438@737b8b9c52d7,0.14757866648400914,0.22127518092241938,0.2623256094381312,0.2394623518460062,0.19849978235425522,0.3333333333333333,1.0,0.0,1.0,1,1.0,false
55438@bc714fd2e3fc,0.26139779051937945,0.3259131027932227,0.4740839499803705,0.47945794981632495,0.35201837926301555,0.14285714285714285,0.2,1.0,0.19050765664971325,1,1.0,false
