key,files,functions,lines,addLines,deleteLines,pos,time,rf,ibf,isComponent,distance,isInducing
55995@98ddc9cf133d,0.18622354335432037,0.25680277473350704,0.3623708569631003,0.37112646072266986,0.17551910870449397,0.5,1.0,1.0,1.0,1,1.0,true
55995@eae54419c6e1,0.9291354099008015,0.9416101740228592,1.0,0.9846187637856195,1.0,0.25,0.25,1.0,0.0,1,1.0,false
55995@34fe5cffcca1,0.14757866648400914,0.22127518092241938,0.2339646234213402,0.24312131399186393,0.0,0.2,0.3333333333333333,1.0,0.7582758826860929,1,0.3333333333333333,false
55995@ed7074b1b519,0.14757866648400914,0.22127518092241938,0.2881307420878739,0.29940733600439423,0.0,1.0,0.5,1.0,0.34746432856652487,1,1.0,false
