key,files,functions,lines,addLines,deleteLines,pos,time,rf,ibf,isComponent,distance,isInducing
56785@0f90fa9e0eef,0.18622354335432037,0.25680277473350704,0.20986048755050496,0.21807381279334997,0.0,0.1,1.0,1.0,0.3714892336273283,1,1.0,false
56785@8089ef659248,0.14757866648400914,0.22127518092241938,0.4237511147631526,0.43945667389773735,0.11074022800200822,0.1111111111111111,0.3333333333333333,1.0,0.0,1,1.0,false
56785@9af344b2b39a,0.4955341536534162,0.5411628921442628,0.5007777223793446,0.4623045034566564,0.47679342469238145,0.09090909090909091,0.5,1.0,0.0,1,1.0,false
56785@9c1f68bd6712,0.14757866648400914,0.25680277473350704,0.7506999429019268,0.725565564427679,0.7368999973533472,1.0,0.25,1.0,1.0,1,1.0,false
