key,files,functions,lines,addLines,deleteLines,pos,time,rf,ibf,isComponent,distance,isInducing
116626@33d8ee9eeded,0.48506143234325644,0.4831193099103427,0.5408282636752388,0.5616216381790079,0.15544356207560955,0.5,1.0,1.0,0.0,1,0.25,true
116626@a87f82dcb4a8,0.3545095621965396,0.4115140277043917,0.33626947668991136,0.3484992582426812,0.05537011400100411,0.3333333333333333,0.5,1.0,1.0,1,1.0,false
116626@acf2739fa685,0.26139779051937945,0.3259131027932227,0.4096138276057108,0.4057777666362994,0.31408283784714647,0.5,0.25,1.0,1.0,1,1.0,false
116626@7ba6c461a1d3,0.3545095621965396,0.4115140277043917,0.516462517808049,0.4855898980793954,0.4862248884216852,0.5,0.16666666666666666,1.0,1.0,1,0.5,false
116626@10b88f0c2342,0.21619883862193562,0.2843601174107559,0.32779827853787125,0.3295310179085502,0.19154912310262534,0.5,0.3333333333333333,1.0,1.0,1,0.5,false
116626@c315f9d9a754,0.33380220983832953,0.3924770307447574,0.40027512499664486,0.4016004928812343,0.2816933974959036,0.5,0.2,1.0,1.0,1,0.25,false
