key,files,functions,lines,addLines,deleteLines,pos,time,rf,ibf,isComponent,distance,isInducing
49657@dbe1024f852c,0.36377750510594475,0.3924770307447574,0.39989187774158214,0.4071223036858452,0.24320311642785655,0.3333333333333333,1.0,1.0,1.0,1,1.0,false
