key,files,functions,lines,addLines,deleteLines,pos,time,rf,ibf,isComponent,distance,isInducing
446691@1b6c29439122,0.32211380700730474,0.38173147113346423,0.37015625293019844,0.3667958164242413,0.2661837900776178,0.05555555555555555,0.16666666666666666,1.0,0.41416474896458655,1,1.0,false
446691@29d4a1149e39,0.5383126456292404,0.580490663633051,0.6017294618307583,0.6191961674114552,0.42789583655985586,0.125,0.5,1.0,0.5298228959030333,1,1.0,false
446691@05092fa60fce,0.7718983420749447,0.7870796910718554,0.8696741039324298,0.9037106029144397,0.0,1.0,0.125,1.0,0.0,1,1.0,false
446691@7a57dee588cd,0.2406904381611693,0.3068761058335884,0.5430632858112396,0.4429145275165758,0.5540125719401104,0.05263157894736842,0.1111111111111111,1.0,0.41416474896458655,1,1.0,false
446691@77977ef4d229,0.21619883862193562,0.25680277473350704,0.30051604481128574,0.30610529585863977,0.12856542331604753,0.058823529411764705,0.14285714285714285,1.0,0.5298228959030333,1,1.0,false
446691@8f130374b174,0.5020882286805488,0.5471882837156421,0.6339786540881474,0.4945620962535234,0.658533461612066,0.07692307692307693,0.25,1.0,0.05130648466397302,1,1.0,false
446691@73c6d3ea7dc5,0.5781732040204167,0.6171358762017785,0.7357488921649199,0.7398334064990382,0.6717956822991624,0.14285714285714285,0.2,1.0,0.5298228959030333,1,1.0,false
446691@d6d10602861f,0.2406904381611693,0.3068761058335884,0.30602328555027114,0.27259226599168745,0.26026388304831993,0.0625,1.0,1.0,0.5298228959030333,1,1.0,false
446691@7ad108ea3de2,0.4921331646246575,0.5380362433733225,0.5638171837256504,0.5254726172820648,0.5453193749644768,0.3333333333333333,0.3333333333333333,1.0,1.0,1,1.0,false
