key,files,functions,lines,addLines,deleteLines,pos,time,rf,ibf,isComponent,distance,isInducing
449780@a2ea211548dd,0.21619883862193562,0.2843601174107559,0.3033197420462832,0.29940733600439423,0.19154912310262534,0.1111111111111111,1.0,1.0,0.7410939338712054,1,1.0,true
449780@61bef0fdf04a,0.5687755345038779,0.6084962682538766,0.5925736542651115,0.5995107252422615,0.491493755263149,1.0,0.3333333333333333,1.0,0.2744345407500353,1,1.0,true
449780@63b8bf54c7c6,0.4921331646246575,0.5380362433733225,0.6390856378881854,0.6060458779873465,0.6225687731006875,0.125,0.2,1.0,1.0,1,1.0,false
449780@8ec1d344fc5f,0.30931061029909585,0.36996104232192484,0.50965907513068,0.4661734884297511,0.4908109973556286,0.09090909090909091,0.125,1.0,1.0,1,1.0,false
449780@c7564140aa87,0.33380220983832953,0.3924770307447574,0.44030395650573695,0.4216844044330132,0.38505464249148347,0.2,0.1111111111111111,1.0,1.0,1,1.0,false
449780@bd6803034b95,0.9815903066669821,0.9880114002038715,0.9808985940115698,0.964769825976705,0.9798409917229282,0.25,0.5,1.0,0.0,1,1.0,false
449780@5030ed0cb9c2,0.18622354335432037,0.25680277473350704,0.41324242165148634,0.3784951521381165,0.3776340866561789,0.1,0.25,1.0,1.0,1,1.0,false
449780@2c6ec7b60d7f,0.14757866648400914,0.22127518092241938,0.47883366260006155,0.4929372712938534,0.2793086774548723,0.16666666666666666,0.16666666666666666,1.0,1.0,1,1.0,false
449780@3a400ea31a60,0.18622354335432037,0.25680277473350704,0.36546072153770776,0.3784951521381165,0.08775955435224699,0.09090909090909091,0.14285714285714285,1.0,1.0,1,0.14285714285714285,false
