key,files,functions,lines,addLines,deleteLines,pos,time,rf,ibf,isComponent,distance,isInducing
455557@8f130374b174,0.5020882286805488,0.5471882837156421,0.6339786540881474,0.4945620962535234,0.658533461612066,1.0,0.5,1.0,0.28764488353811,1,1.0,true
455557@305123b230bc,0.5500010484602651,0.5891606108588023,0.6477904095879752,0.6714491944985641,0.376924018079626,0.3333333333333333,0.3333333333333333,1.0,0.44442588756139123,1,1.0,false
455557@05092fa60fce,0.7718983420749447,0.7870796910718554,0.8696741039324298,0.9037106029144397,0.0,0.2,0.16666666666666666,1.0,0.21126623486560805,1,1.0,false
455557@dddbe2432373,0.4211968680198687,0.4728220122426262,0.49944887633128465,0.5080941083496995,0.36461012435726753,0.25,1.0,1.0,1.0,1,1.0,false
455557@c2e080fd4cdb,0.8914192510395651,0.9158932981554561,0.9789256458460868,0.962719667285011,0.9777588064476733,0.07142857142857142,0.14285714285714285,1.0,0.0,1,1.0,false
455557@841d4b99f7f8,0.32211380700730474,0.38173147113346423,0.6691757759814669,0.6811320362112946,0.5626230307400787,0.09090909090909091,0.2,1.0,0.28764488353811,1,1.0,false
455557@82a4193502a7,0.09311177167716018,0.17120184982233802,0.2976044869649945,0.2592291117500589,0.25713084663209507,0.06666666666666667,0.25,1.0,0.8278226811097958,1,1.0,false
