key,files,functions,lines,addLines,deleteLines,pos,time,rf,ibf,isComponent,distance,isInducing
462756@c2e080fd4cdb,0.8914192510395651,0.9158932981554561,0.9789256458460868,0.962719667285011,0.9777588064476733,0.2,0.2,1.0,0.0,1,1.0,true
462756@06c6d2ef60e6,0.8088154537606155,0.8285724491769204,0.765842808942012,0.7958156549415286,0.0,1.0,0.25,1.0,1.0,0,1.0,false
462756@04c08732703d,0.27933531503148057,0.34240369964467604,0.5119663703673015,0.508462509501272,0.43264995533658906,0.07142857142857142,0.5,1.0,0.7364556643316742,1,1.0,false
462756@f802d6fc9914,0.5143086396970289,0.5584229371537952,0.57614926596221,0.5864762637619184,0.4534715194734098,0.1111111111111111,0.3333333333333333,1.0,1.0,1,1.0,false
462756@26bbc0f1d79a,0.21619883862193562,0.2843601174107559,0.3515393865129644,0.3598170393998855,0.16611034200301233,0.0625,1.0,1.0,1.0,1,1.0,false
