key,files,functions,lines,addLines,deleteLines,pos,time,rf,ibf,isComponent,distance,isInducing
429679@7523f22b539d,0.9173138073650137,0.9289197548491063,0.8313085662445784,0.7957426321277372,0.8337299269164349,0.2,0.25,1.0,0.0,1,1.0,true
429679@ef00e7e9e5fb,0.27933531503148057,0.34240369964467604,0.43731727093996087,0.40667667358687637,0.39918825473979774,0.2,0.3333333333333333,1.0,1.0,1,1.0,true
429679@5dc151a175d9,0.44762133387369984,0.4555619672330939,0.5632422553259588,0.5672722178800796,0.46794452270870873,0.2,0.16666666666666666,1.0,1.0,1,0.16666666666666666,true
429679@81d0edf3b34a,0.4376662698178086,0.4879629122732411,0.5153005691168019,0.5269391638472705,0.36292833194710145,0.2,0.14285714285714285,1.0,1.0,1,0.25,false
429679@4383dfde8ff3,0.9014372605496078,0.914323887244886,0.6540743435482743,0.6675761910726,0.5347762708457738,0.2,1.0,1.0,0.18801448541428964,1,0.5,false
429679@4401226b99ae,0.30931061029909585,0.34240369964467604,0.3975507270577084,0.4016004928812343,0.26327866305674097,0.2,0.2,1.0,1.0,0,0.5,false
429679@1996694d4e3b,0.14757866648400914,0.22127518092241938,0.19975334005520587,0.16355535959501247,0.15544356207560955,0.2,0.5,1.0,1.0,1,0.14285714285714285,false
