key,files,functions,lines,addLines,deleteLines,pos,time,rf,ibf,isComponent,distance,isInducing
438848@cc6c9e2676ad,0.2406904381611693,0.3068761058335884,0.4540665341297613,0.44091596440400027,0.39004890545688053,1.0,1.0,1.0,0.350842355954649,1,1.0,true
438848@98d4f777b53a,0.4427359994520274,0.4926236929449201,0.61129737925025,0.6319263772176906,0.39065179276298284,0.045454545454545456,0.16666666666666666,1.0,0.0,0,0.3333333333333333,false
438848@7d6b298383ec,0.27933531503148057,0.34240369964467604,0.2864297453089664,0.2499650635116988,0.24320311642785655,0.045454545454545456,0.25,1.0,0.350842355954649,1,0.5,false
438848@de58dd34b4b1,0.32211380700730474,0.38173147113346423,0.4363740665708538,0.44622674331657186,0.26898696151492507,1.0,0.5,1.0,1.0,1,0.5,false
438848@00993ff79b3e,0.46555885838580097,0.5136055494670141,0.6422458801258518,0.623511822952894,0.6099633683300808,0.045454545454545456,0.2,1.0,0.0,1,1.0,false
438848@5fbe9cb1e4e0,0.21619883862193562,0.2843601174107559,0.2881307420878739,0.28815195350343065,0.15544356207560955,0.043478260869565216,0.3333333333333333,1.0,1.0,0,0.125,false
