key,files,functions,lines,addLines,deleteLines,pos,time,rf,ibf,isComponent,distance,isInducing
56736@8e5d0a0560de,0.30931061029909585,0.36996104232192484,0.4943297763903652,0.46680021287771634,0.4579918508101559,1.0,0.2,1.0,0.7159834992134456,1,0.16666666666666666,true
56736@6f4a955e5f94,0.09311177167716018,0.17120184982233802,0.2945764363351593,0.2531758563420432,0.25713084663209507,1.0,0.16666666666666666,1.0,0.7159834992134456,1,0.25,false
56736@a6c64efe6434,0.34455449814064837,0.40236198736207207,0.461058378915054,0.4224194892420362,0.4337080130416285,1.0,1.0,1.0,0.0,1,0.08333333333333333,false
56736@68eaab30dfc7,0.5307780414949688,0.5735638371844101,0.5288913203128899,0.49514471745137684,0.5028796277938741,1.0,0.3333333333333333,1.0,0.02325868069335478,1,0.2,false
56736@ed82d448c720,0.38826910464517844,0.44255036184483876,0.4831750933461325,0.49771438889369146,0.2793086774548723,1.0,0.5,1.0,1.0,1,1.0,false
56736@8a7178bbd617,0.09311177167716018,0.17120184982233802,0.1941440208500857,0.15305264792931988,0.15544356207560955,1.0,0.25,1.0,1.0,1,0.125,false
