key,files,functions,lines,addLines,deleteLines,pos,time,rf,ibf,isComponent,distance,isInducing
54513@99d9f5f01d00,0.21619883862193562,0.2843601174107559,0.3802634004254975,0.39462663001151865,0.05537011400100411,1.0,0.5,1.0,0.0,1,1.0,false
54513@c56bdf0163e4,0.46555885838580097,0.5096847112717865,0.5469602230714217,0.5597931377485541,0.3964428921499411,0.07142857142857142,1.0,1.0,1.0,1,1.0,false
54513@c29ff23c3f8f,0.09311177167716018,0.17120184982233802,0.2339646234213402,0.20757110112765736,0.17551910870449397,0.09090909090909091,0.3333333333333333,1.0,0.0,1,1.0,false
54513@0e6474f6aaca,0.2406904381611693,0.3068761058335884,0.27331460579562755,0.28401133950296364,0.0,0.07692307692307693,0.25,1.0,1.0,1,1.0,false
54513@aa98cc85a755,0.09311177167716018,0.17120184982233802,0.2339646234213402,0.24312131399186393,0.0,0.1,0.2,1.0,1.0,0,1.0,false
