key,files,functions,lines,addLines,deleteLines,pos,time,rf,ibf,isComponent,distance,isInducing
54792@12d802450002,0.29515733296801827,0.3569494369336697,0.42837283710916374,0.3961739619211838,0.3912501640169097,0.16666666666666666,0.3333333333333333,1.0,1.0,1,1.0,false
54792@60e04ff257b4,0.14757866648400914,0.22127518092241938,0.343077764067328,0.26484960952127556,0.33345919236336335,0.09090909090909091,0.16666666666666666,1.0,0.0,1,1.0,false
54792@2915fb29b68b,0.14757866648400914,0.22127518092241938,0.19975334005520587,0.1954466103133613,0.08775955435224699,0.5,0.5,1.0,1.0,1,1.0,false
54792@5bbbcb1f8ca2,0.3805909068133781,0.4354915246622329,0.343077764067328,0.3565048235998895,0.0,0.125,0.2,1.0,1.0,1,1.0,false
54792@6f82fb5d6b4a,0.2406904381611693,0.3068761058335884,0.3046835838304584,0.3092518555273365,0.14312966835325108,1.0,1.0,1.0,1.0,1,1.0,false
54792@bc714fd2e3fc,0.26139779051937945,0.3259131027932227,0.4740839499803705,0.47945794981632495,0.35201837926301555,0.07692307692307693,0.14285714285714285,1.0,0.0,1,1.0,false
54792@d94dfa72b6c7,0.29515733296801827,0.3569494369336697,0.3642398697292364,0.3689909403480723,0.21632497766829453,0.3333333333333333,0.25,1.0,1.0,1,1.0,false
54792@ac53f551f787,0.09311177167716018,0.17120184982233802,0.30602328555027114,0.2620895543259949,0.27169509166929867,0.07692307692307693,0.125,1.0,0.056243666810351034,1,0.03125,false
