key,files,functions,lines,addLines,deleteLines,pos,time,rf,ibf,isComponent,distance,isInducing
54807@04fe0f75547e,0.18622354335432037,0.25680277473350704,0.3226472322028915,0.3283301777577659,0.15544356207560955,0.2,1.0,1.0,1.0,1,1.0,false
54807@eae54419c6e1,0.9291354099008015,0.9416101740228592,1.0,0.9846187637856195,1.0,0.16666666666666666,0.25,1.0,0.0,1,1.0,false
54807@9af344b2b39a,0.4955341536534162,0.5411628921442628,0.5007777223793446,0.4623045034566564,0.47679342469238145,0.14285714285714285,0.5,1.0,0.27223948804960046,1,1.0,false
54807@d9df4f27e1dd,0.18622354335432037,0.25680277473350704,0.3896198855252283,0.3645376660518973,0.33937909939266125,0.25,0.3333333333333333,1.0,1.0,1,1.0,false
