key,files,functions,lines,addLines,deleteLines,pos,time,rf,ibf,isComponent,distance,isInducing
55171@f89d5ae7aa33,0.2406904381611693,0.3068761058335884,0.33715476363760205,0.31374756494839645,0.2793086774548723,0.2,0.14285714285714285,1.0,1.0,1,0.3333333333333333,false
55171@60e04ff257b4,0.14757866648400914,0.22127518092241938,0.343077764067328,0.26484960952127556,0.33345919236336335,0.09090909090909091,1.0,1.0,0.0,1,1.0,false
55171@e456cdb15dbf,0.14757866648400914,0.22127518092241938,0.35369188714294447,0.3011360539894118,0.32968452849047936,0.09090909090909091,0.5,1.0,0.0,1,0.5,false
55171@8d339d077f3b,0.33380220983832953,0.3924770307447574,0.5491307279558038,0.5387864125625089,0.49183295827339196,0.2,0.125,1.0,0.7013880127470121,1,1.0,false
55171@bc714fd2e3fc,0.26139779051937945,0.3259131027932227,0.4740839499803705,0.47945794981632495,0.35201837926301555,0.07692307692307693,0.2,1.0,0.0,1,1.0,false
55171@37d4b06a8ada,0.14757866648400914,0.22127518092241938,0.19975334005520587,0.1811063813693591,0.12856542331604753,0.09090909090909091,0.3333333333333333,1.0,0.0,1,0.01694915254237288,false
55171@7763fb293d01,0.09311177167716018,0.17120184982233802,0.3033197420462832,0.31519078896454805,0.0,0.16666666666666666,0.25,1.0,1.0,1,1.0,false
55171@ac53f551f787,0.09311177167716018,0.17120184982233802,0.30602328555027114,0.2620895543259949,0.27169509166929867,0.07142857142857142,0.16666666666666666,1.0,0.029872704669421143,1,1.0,false
