key,files,functions,lines,addLines,deleteLines,pos,time,rf,ibf,isComponent,distance,isInducing
55400@68b2099f9c5a,0.34455449814064837,0.40236198736207207,0.4301968090104379,0.3930482458996386,0.3986466785034661,0.14285714285714285,0.2,1.0,0.7582758826860929,0,1.0,false
55400@e09750b54045,0.27933531503148057,0.34240369964467604,0.36842938325028113,0.38039050896103,0.12856542331604753,0.25,0.25,1.0,1.0,1,0.3333333333333333,false
55400@3baec8e854f1,0.21619883862193562,0.2843601174107559,0.2669143580649684,0.25626070278508184,0.17551910870449397,0.25,1.0,1.0,1.0,1,1.0,false
55400@41ea573b3d7c,0.33380220983832953,0.3924770307447574,0.33715476363760205,0.27501256471021274,0.3186487770577451,0.14285714285714285,0.3333333333333333,1.0,0.7582758826860929,1,0.25,false
55400@8fec82e0fd25,0.09311177167716018,0.17120184982233802,0.41062082034513464,0.3935779011137277,0.3490410586639012,0.5,0.5,1.0,1.0,1,1.0,false
55400@eae54419c6e1,0.9291354099008015,0.9416101740228592,1.0,0.9846187637856195,1.0,1.0,0.16666666666666666,1.0,0.0,1,1.0,false
55400@f20cfff33f04,0.6842530980142829,0.7068400366847336,0.6959744239944234,0.7232128259046079,0.0,0.14285714285714285,0.14285714285714285,1.0,0.7582758826860929,0,0.5,false
