key,files,functions,lines,addLines,deleteLines,pos,time,rf,ibf,isComponent,distance,isInducing
55442@eae54419c6e1,0.9291354099008015,0.9416101740228592,1.0,0.9846187637856195,1.0,0.5,0.3333333333333333,1.0,0.0,1,1.0,true
55442@ab70f07bbd97,0.14757866648400914,0.22127518092241938,0.3033197420462832,0.31519078896454805,0.0,1.0,1.0,1.0,1.0,1,1.0,false
55442@ff9cff987f5f,0.14757866648400914,0.22127518092241938,0.40790515073231476,0.42386936443590656,0.0,0.3333333333333333,0.5,1.0,1.0,1,1.0,false
