key,files,functions,lines,addLines,deleteLines,pos,time,rf,ibf,isComponent,distance,isInducing
55552@eae54419c6e1,0.9291354099008015,0.9416101740228592,1.0,0.9846187637856195,1.0,0.3333333333333333,0.3333333333333333,1.0,0.0,1,1.0,false
55552@5bcc55f589f1,0.21619883862193562,0.2843601174107559,0.3267957318127908,0.3011360539894118,0.27169509166929867,0.2,0.5,1.0,1.0,1,1.0,false
55552@6d882f1fcb8d,0.09311177167716018,0.17120184982233802,0.35439599613820955,0.3076943095403807,0.32572261627037963,0.2,1.0,1.0,1.0,1,1.0,false
