key,files,functions,lines,addLines,deleteLines,pos,time,rf,ibf,isComponent,distance,isInducing
56125@68ac99f6fc8c,0.14757866648400914,0.22127518092241938,0.34143223901766534,0.32071259976915895,0.2793086774548723,0.044444444444444446,1.0,1.0,0.7582758826860929,1,1.0,false
56125@eae54419c6e1,0.9291354099008015,0.9416101740228592,1.0,0.9846187637856195,1.0,0.08,0.14285714285714285,1.0,0.0,1,1.0,false
56125@ffd84add1af7,0.21619883862193562,0.2843601174107559,0.31596426136265493,0.27259226599168745,0.2816933974959036,0.05405405405405406,0.2,1.0,0.7582758826860929,1,0.5,false
56125@9af344b2b39a,0.4955341536534162,0.5411628921442628,0.5007777223793446,0.4623045034566564,0.47679342469238145,0.05714285714285714,0.3333333333333333,1.0,0.27223948804960046,1,1.0,false
56125@9480788ead02,0.14757866648400914,0.22127518092241938,0.2267504842878217,0.2273378610317101,0.08775955435224699,0.04878048780487805,0.16666666666666666,1.0,1.0,1,1.0,false
56125@19d2a233f1e8,0.14757866648400914,0.22127518092241938,0.2945764363351593,0.1265879281710216,0.30408453202054153,0.06896551724137931,0.25,1.0,1.0,1,1.0,false
56125@53ee263bec8e,0.29515733296801827,0.3569494369336697,0.5088437224941955,0.5223522355095598,0.3346787914558764,0.046511627906976744,0.5,1.0,0.5250476998325834,1,1.0,false
