key,files,functions,lines,addLines,deleteLines,pos,time,rf,ibf,isComponent,distance,isInducing
56481@eae54419c6e1,0.9291354099008015,0.9416101740228592,1.0,0.9846187637856195,1.0,0.5,0.125,1.0,0.0,1,1.0,true
56481@82cf5dc6c2fc,0.14757866648400914,0.22127518092241938,0.18808549456290483,0.18860286079352642,0.05537011400100411,0.08333333333333333,1.0,1.0,0.6204534101262699,1,1.0,false
56481@4f41169d1e6a,0.4921331646246575,0.5380362433733225,0.5358954976719235,0.5196361740706602,0.48784235582963054,0.16666666666666666,0.3333333333333333,1.0,0.45279677580810074,1,1.0,false
56481@eff9aca497cb,0.6867029876416282,0.7169111214908077,0.6226789810116822,0.5925513937735358,0.6018079439145765,0.09090909090909091,0.25,1.0,0.5250476998325834,1,1.0,false
56481@5bcc55f589f1,0.21619883862193562,0.2843601174107559,0.3267957318127908,0.3011360539894118,0.27169509166929867,0.1111111111111111,0.2,1.0,0.45279677580810074,1,1.0,false
56481@edc20fa71abb,0.14757866648400914,0.22127518092241938,0.30051604481128574,0.2901432877660341,0.21081367607661367,0.125,0.14285714285714285,1.0,0.45279677580810074,1,0.06666666666666667,false
56481@a2970721fa0c,0.26139779051937945,0.3259131027932227,0.41852896351813684,0.39918019416270906,0.36207396884172227,1.0,0.16666666666666666,1.0,1.0,1,1.0,false
56481@b3c32141a660,0.34455449814064837,0.40236198736207207,0.4831750933461325,0.46885394579656053,0.42521368857805897,0.08333333333333333,0.5,1.0,0.6204534101262699,1,0.5,false
