key,files,functions,lines,addLines,deleteLines,pos,time,rf,ibf,isComponent,distance,isInducing
56530@48954891c3a4,0.39553205673288594,0.4492274490175423,0.49934568453456946,0.49951940284168667,0.40591370327309156,0.25,1.0,1.0,1.0,1,1.0,true
