key,files,functions,lines,addLines,deleteLines,pos,time,rf,ibf,isComponent,distance,isInducing
57155@527baba1736d,0.6145295776508852,0.6433508575118375,0.737318679464985,0.6852502658210562,0.742823840920228,1.0,1.0,0.0,0.6805943772796791,1,1.0,true
57155@c38e9ccabc0d,0.18622354335432037,0.25680277473350704,0.31115685729873277,0.2796405761003415,0.26327866305674097,0.3333333333333333,0.5,0.0,1.0,1,1.0,false
57155@9af344b2b39a,0.4955341536534162,0.5411628921442628,0.5007777223793446,0.4623045034566564,0.47679342469238145,0.3333333333333333,0.3333333333333333,1.0,0.0,1,1.0,false
57155@8089ef659248,0.14757866648400914,0.22127518092241938,0.4237511147631526,0.43945667389773735,0.11074022800200822,1.0,0.25,1.0,0.0,1,1.0,false
