key,files,functions,lines,addLines,deleteLines,pos,time,rf,ibf,isComponent,distance,isInducing
135780@e40367cb1dc1,0.18622354335432037,0.25680277473350704,0.5284005004381734,0.500202756419638,0.49627657359466854,1.0,1.0,1.0,1.0,0,1.0,false
