key,files,functions,lines,addLines,deleteLines,pos,time,rf,ibf,isComponent,distance,isInducing
434317@9f664098a00b,0.29515733296801827,0.3569494369336697,0.4642440811072709,0.47601800795269344,0.2884480267377895,1.0,0.25,1.0,1.0,1,0.3333333333333333,true
434317@cb917a92ad2d,0.9946308172467964,1.0,0.7111683153464132,0.684482908494833,0.695188840892322,1.0,0.5,1.0,0.0,1,0.16666666666666666,false
434317@9252ebbd46d6,0.09311177167716018,0.17120184982233802,0.31596426136265493,0.26484960952127556,0.2884480267377895,1.0,0.3333333333333333,1.0,1.0,1,0.25,false
434317@1502fac06e16,0.09311177167716018,0.17120184982233802,0.18149950153371394,0.1811063813693591,0.05537011400100411,1.0,1.0,1.0,1.0,1,1.0,false
