key,files,functions,lines,addLines,deleteLines,pos,time,rf,ibf,isComponent,distance,isInducing
70008@83198dbf96b9,0.4269139815154897,0.4780779556559265,0.6072376393648521,0.6310031432480006,0.0,0.16666666666666666,1.0,1.0,0.0,1,0.25,true
70008@5bdbd842fe24,0.09311177167716018,0.17120184982233802,0.5567570897676077,0.5188886130942226,0.5372104076461186,0.25,0.3333333333333333,1.0,1.0,1,1.0,false
70008@5a72675b995e,0.14757866648400914,0.22127518092241938,0.31115685729873277,0.3233346259695549,0.0,0.14285714285714285,0.2,1.0,0.0,1,1.0,false
70008@e19a7e7e6607,0.2406904381611693,0.3068761058335884,0.5705975153415251,0.5374418755129631,0.5478771875735213,0.2,0.25,1.0,0.0,1,0.3333333333333333,false
70008@ab6c7a562a88,0.3545095621965396,0.4115140277043917,0.41670499161686264,0.414335492598223,0.31715560855784763,0.16666666666666666,0.5,1.0,1.0,1,1.0,false
