key,files,functions,lines,addLines,deleteLines,pos,time,rf,ibf,isComponent,distance,isInducing
415346@5cd680f1cc71,0.46555885838580097,0.5096847112717865,0.5322407312184869,0.5181338787020766,0.4799971498404148,0.16666666666666666,0.3333333333333333,1.0,1.0,1,0.5,true
415346@1e2c2eb581e9,0.21619883862193562,0.2843601174107559,0.4461542538550802,0.4400436430551859,0.3637736540034208,0.25,1.0,1.0,1.0,1,1.0,true
415346@7523f22b539d,0.9173138073650137,0.9289197548491063,0.8313085662445784,0.7957426321277372,0.8337299269164349,0.16666666666666666,0.5,1.0,0.0,1,1.0,false
