key,files,functions,lines,addLines,deleteLines,pos,time,rf,ibf,isComponent,distance,isInducing
429280@9b69aee5ece1,0.26139779051937945,0.3259131027932227,0.4780168434735631,0.47963489815207266,0.37475513764270746,0.5,1.0,1.0,1.0,1,1.0,true
429280@658d3404dca3,0.18622354335432037,0.25680277473350704,0.14728821816757964,0.1265879281710216,0.08775955435224699,0.25,0.25,1.0,1.0,1,0.25,false
429280@4383dfde8ff3,0.9014372605496078,0.914323887244886,0.6540743435482743,0.6675761910726,0.5347762708457738,0.125,0.5,1.0,0.0,1,1.0,false
429280@17678b5d9c80,0.4089764570033886,0.4615873588044731,0.4991388779273179,0.44206421110443556,0.48907812704263265,1.0,0.3333333333333333,1.0,1.0,1,1.0,false
429280@41667dd66e4b,0.37244708670864074,0.4280046245558451,0.5327073449359211,0.5525132470309643,0.22148045600401645,0.3333333333333333,0.2,1.0,1.0,0,1.0,false
