key,files,functions,lines,addLines,deleteLines,pos,time,rf,ibf,isComponent,distance,isInducing
429679@7523f22b539d,0.9173138073650137,0.9289197548491063,0.8313085662445784,0.7957426321277372,0.8337299269164349,0.2,0.5,1.0,0.0,1,1.0,true
429679@ef00e7e9e5fb,0.27933531503148057,0.34240369964467604,0.43731727093996087,0.40667667358687637,0.39918825473979774,0.2,1.0,1.0,1.0,1,1.0,true
