key,files,functions,lines,addLines,deleteLines,pos,time,rf,ibf,isComponent,distance,isInducing
439034@8c009ba66197,0.14757866648400914,0.22127518092241938,0.3237058672381834,0.3283301777577659,0.16611034200301233,1.0,0.3333333333333333,1.0,1.0,1,1.0,false
439034@f5ffac1af3c9,0.36377750510594475,0.4200343734220062,0.432977097811302,0.4280652126395326,0.34489040098434204,0.3333333333333333,0.5,1.0,1.0,1,1.0,false
439034@b2c8660a932f,0.5431107232168951,0.5849017050287927,0.6156851771338931,0.5613719443119514,0.6130281331725866,0.5,1.0,1.0,0.0,1,1.0,false
