key,files,functions,lines,addLines,deleteLines,pos,time,rf,ibf,isComponent,distance,isInducing
439409@4aa18c30f80f,0.18622354335432037,0.25680277473350704,0.4243097237278471,0.39143753769229717,0.3875907980070288,1.0,0.3333333333333333,1.0,1.0,1,0.5,true
439409@5e42148785b4,0.46555885838580097,0.5136055494670141,0.5665006280552498,0.5609959109165067,0.5009402823949639,0.5,0.25,1.0,1.0,0,1.0,false
439409@f3ecd4008113,0.48506143234325644,0.5315349512906095,0.5203943687303065,0.4532055203409276,0.5175175309173318,0.25,0.5,1.0,0.0,1,1.0,false
439409@8cf304f821f9,0.09311177167716018,0.17120184982233802,0.08315525078765236,0.054518453198337494,0.05537011400100411,1.0,1.0,1.0,1.0,1,1.0,false
