key,files,functions,lines,addLines,deleteLines,pos,time,rf,ibf,isComponent,distance,isInducing
444936@40dfe90043bf,0.562804245168474,0.6030066520558836,0.6785676566689214,0.7045395714290374,0.32572261627037963,0.25,0.25,1.0,0.350842355954649,1,1.0,true
444936@aeedd9b2e55f,0.18622354335432037,0.25680277473350704,0.36725585321338367,0.3718256075667184,0.22148045600401645,1.0,0.5,1.0,1.0,1,1.0,true
444936@a7c2abb5f77e,0.21619883862193562,0.2843601174107559,0.45481410732934147,0.46029621983463687,0.3270652056703027,0.3333333333333333,0.3333333333333333,1.0,0.350842355954649,1,0.5,false
444936@556b4b399c2e,0.8429006494384315,0.8605091228813031,0.7480580934752683,0.7202834234236649,0.7366081539293835,0.5,1.0,1.0,0.0,1,1.0,false
