key,files,functions,lines,addLines,deleteLines,pos,time,rf,ibf,isComponent,distance,isInducing
428259@b2c8660a932f,0.5431107232168951,0.5849017050287927,0.6156851771338931,0.5613719443119514,0.6130281331725866,0.25,1.0,1.0,0.0,1,1.0,true
428259@f3ecd4008113,0.48506143234325644,0.5315349512906095,0.5203943687303065,0.4532055203409276,0.5175175309173318,1.0,0.3333333333333333,1.0,0.0,1,1.0,false
428259@d1b8f17b646a,0.18622354335432037,0.25680277473350704,0.29907426462533815,0.29940733600439423,0.16611034200301233,0.5,0.5,1.0,1.0,1,1.0,false
