key,files,functions,lines,addLines,deleteLines,pos,time,rf,ibf,isComponent,distance,isInducing
434317@1502fac06e16,0.09311177167716018,0.17120184982233802,0.18149950153371394,0.1811063813693591,0.05537011400100411,1.0,1.0,1.0,1.0,1,1.0,false
