key,files,functions,lines,addLines,deleteLines,pos,time,rf,ibf,isComponent,distance,isInducing
435872@40dfe90043bf,0.562804245168474,0.6030066520558836,0.6785676566689214,0.7045395714290374,0.32572261627037963,0.5,0.25,1.0,0.0,1,1.0,true
435872@6a5d7fbef339,0.09311177167716018,0.17120184982233802,0.2339646234213402,0.20757110112765736,0.17551910870449397,1.0,0.5,1.0,1.0,1,1.0,true
435872@d2e9b198410d,0.6251752956253241,0.66034655130406,0.6392972250005238,0.623511822952894,0.6024885204604975,0.2,1.0,1.0,0.0,1,1.0,false
435872@a7c2abb5f77e,0.21619883862193562,0.2843601174107559,0.45481410732934147,0.46029621983463687,0.3270652056703027,0.2,0.3333333333333333,1.0,0.0,1,1.0,false
