key,files,functions,lines,addLines,deleteLines,pos,time,rf,ibf,isComponent,distance,isInducing
420609@0c897a908954,0.18622354335432037,0.25680277473350704,0.24055061645053108,0.2273378610317101,0.15544356207560955,0.14285714285714285,0.14285714285714285,1.0,1.0,1,1.0,true
420609@f3ecd4008113,0.48506143234325644,0.5315349512906095,0.5203943687303065,0.4532055203409276,0.5175175309173318,0.058823529411764705,0.25,1.0,0.18801448541428964,1,1.0,false
420609@6e73303824a4,0.6314244173064005,0.6649637630813499,0.7087465535547449,0.5198484643535612,0.74274338455874,0.03333333333333333,0.16666666666666666,1.0,1.0,1,1.0,false
420609@cec576a600b3,0.21619883862193562,0.2843601174107559,0.33626947668991136,0.3395855602587295,0.19154912310262534,0.03125,1.0,1.0,1.0,1,1.0,false
420609@7523f22b539d,0.9173138073650137,0.9289197548491063,0.8313085662445784,0.7957426321277372,0.8337299269164349,0.03333333333333333,0.1111111111111111,1.0,0.0,1,0.25,false
420609@a8b18a1e4658,0.3805909068133781,0.4354915246622329,0.4996548388288914,0.4406262642530393,0.4908109973556286,0.047619047619047616,0.2,1.0,1.0,1,1.0,false
420609@1a8694c09f3f,0.64642982548652,0.679886587777415,0.693798859678977,0.6864703217473372,0.649493956731387,0.05263157894736842,0.3333333333333333,1.0,0.47289339635258826,1,1.0,false
420609@d1b8f17b646a,0.18622354335432037,0.25680277473350704,0.29907426462533815,0.29940733600439423,0.16611034200301233,0.05555555555555555,0.5,1.0,0.47289339635258826,1,1.0,false
420609@00993ff79b3e,0.46555885838580097,0.5136055494670141,0.6422458801258518,0.623511822952894,0.6099633683300808,0.125,0.125,1.0,0.18801448541428964,1,1.0,false
