key,files,functions,lines,addLines,deleteLines,pos,time,rf,ibf,isComponent,distance,isInducing
428259@1a8694c09f3f,0.64642982548652,0.679886587777415,0.693798859678977,0.6864703217473372,0.649493956731387,0.25,0.25,1.0,0.350842355954649,1,0.3333333333333333,true
428259@b2c8660a932f,0.5431107232168951,0.5849017050287927,0.6156851771338931,0.5613719443119514,0.6130281331725866,0.25,1.0,1.0,0.0,1,1.0,true
428259@f3ecd4008113,0.48506143234325644,0.5315349512906095,0.5203943687303065,0.4532055203409276,0.5175175309173318,1.0,0.2,1.0,0.0,1,1.0,false
428259@d1b8f17b646a,0.18622354335432037,0.25680277473350704,0.29907426462533815,0.29940733600439423,0.16611034200301233,0.5,0.3333333333333333,1.0,0.350842355954649,1,1.0,false
428259@ce0d6c91d3b5,0.09311177167716018,0.17120184982233802,0.2267504842878217,0.1954466103133613,0.17551910870449397,0.25,0.5,1.0,1.0,1,0.2,false
